checkpoint,checkpoint_millions,family,method,display_method,config_label,n_scenarios,n_bootstrap,bootstrap_seed,observed_rrmse,bootstrap_mean_rrmse,bootstrap_median_rrmse,percentile_ci95_low,percentile_ci95_high,bias_correction_z0,acceleration,bca_alpha_low,bca_alpha_high,bca_ci95_low,bca_ci95_high
500000,0.5,gwas,mcmc_is_no_oracle,Smooth MCMC-IS,"5%, gamma=0.4",80,1000000,20260729,0.18598820872507735,0.18552141428222788,0.18541776541578697,0.16059803348576474,0.21097060023559286,0.04407828753156582,0.04145461020017385,0.041740208408817245,0.9871161358620268,0.1634379275520045,0.21445819167817992
500000,0.5,gwas,samc,SAMC,5%,80,1000000,20260729,0.33354766966604205,0.3327428078032057,0.3326087830674931,0.28813259362435956,0.37819254034379846,0.04114286774438016,0.04229678759050198,0.04149124165087682,0.9870359073741957,0.2931922888532339,0.3844490195485068
500000,0.5,hep,mcmc_is_no_oracle,Smooth MCMC-IS,"5%, gamma=0.4",80,1000000,20260729,0.14329985201846376,0.14281881275863603,0.1427852002729917,0.11989201720531367,0.1658829091846177,0.04315497044739288,0.04298770202162906,0.04201794728878324,0.9872917768565411,0.12258091683636516,0.16909901715325562
500000,0.5,hep,samc,SAMC,5%,80,1000000,20260729,0.14200657480356063,0.14166272950896808,0.14167676251342634,0.12238884051691791,0.1608223829751611,0.03353243622767006,0.033410232930269616,0.03783294172194926,0.9849691387944812,0.12417923134605827,0.16288395072663364
750000,0.75,gwas,mcmc_is_no_oracle,Smooth MCMC-IS,"5%, gamma=0.4",80,1000000,20260729,0.14920202933868187,0.1488189779162566,0.14891836779565873,0.12726756898744931,0.1697771699955499,0.025896364229682133,0.027097845428857216,0.03500419746207268,0.9831941141789863,0.12893106930591888,0.1714960969669102
750000,0.75,gwas,samc,SAMC,5%,80,1000000,20260729,0.3525101825166826,0.35145777713348036,0.3510515557197825,0.29918100751587445,0.4059827967594881,0.05304004663886119,0.052555559954256675,0.046461015150104874,0.9893944328655162,0.3063468663292901,0.4157110217032349
750000,0.75,hep,mcmc_is_no_oracle,Smooth MCMC-IS,"5%, gamma=0.4",80,1000000,20260729,0.11144174226004538,0.11091327640046549,0.110556110212158,0.09089818108995718,0.13293466043363775,0.08119358638600484,0.08053073676071117,0.060489574474541855,0.9941964252087436,0.09469069524349286,0.13966618372524522
750000,0.75,hep,samc,SAMC,5%,80,1000000,20260729,0.13778563145127262,0.13735689043565924,0.13716045994425713,0.1167164062141555,0.15909136751211117,0.05810875587551348,0.05820100929316281,0.049042417501857054,0.9904802633375734,0.11978846756163454,0.1634703560718352
1000000,1.0,gwas,mcmc_is_no_oracle,Smooth MCMC-IS,"5%, gamma=0.4",80,1000000,20260729,0.13096751998052145,0.13061615388290204,0.13064622110949395,0.11175020706188436,0.14925877619164232,0.033216425117850924,0.033210148634445574,0.037730045919800635,0.9849086879299492,0.11349394163619525,0.15121644085939065
1000000,1.0,gwas,samc,SAMC,5%,80,1000000,20260729,0.24320191926426246,0.2427523003873941,0.242487754485336,0.21449056092592547,0.2723970678587874,0.04889873121265639,0.04812648807202786,0.04445229449526696,0.988479785407401,0.21807451837649106,0.27732768555933834
1000000,1.0,hep,mcmc_is_no_oracle,Smooth MCMC-IS,"5%, gamma=0.4",80,1000000,20260729,0.10413667318612686,0.10378566711270006,0.10377928046590529,0.08716823409493862,0.12049231301189657,0.04244996237794245,0.04257454068729936,0.0417849128288833,0.9871754250610837,0.08910344712346384,0.12280584224186517
1000000,1.0,hep,samc,SAMC,5%,80,1000000,20260729,0.12191948582050248,0.12168668289729417,0.12171363014452533,0.10733426782305154,0.1358863187504086,0.028065387457682136,0.026624960433283162,0.03520034722919381,0.9832984618868207,0.1084461373458553,0.1370603527871008
1250000,1.25,gwas,mcmc_is_no_oracle,Smooth MCMC-IS,"5%, gamma=0.4",80,1000000,20260729,0.1191603574873573,0.11886047929810459,0.11892140603457882,0.10222035721663578,0.1351577523291262,0.028085448388626432,0.028634437183175557,0.03573128005013244,0.9836659728695731,0.10358023347309109,0.13661843712460844
1250000,1.25,gwas,samc,SAMC,5%,80,1000000,20260729,0.2268003108435126,0.22615347555491563,0.22609986635842272,0.1926595861539193,0.2600197468638282,0.041137850243493694,0.042270969491267386,0.04148319627566799,0.98703141875293,0.1964571112742698,0.26460690079828164
1250000,1.25,hep,mcmc_is_no_oracle,Smooth MCMC-IS,"5%, gamma=0.4",80,1000000,20260729,0.09112231457739627,0.09087491827761326,0.09093708085452618,0.07780062907915714,0.10359412750059886,0.027889854792816502,0.026615364696387953,0.03517188780123855,0.9832812830793226,0.0788118960027763,0.10465286875004248
1250000,1.25,hep,samc,SAMC,5%,80,1000000,20260729,0.111882292390863,0.11161499492128112,0.11158325897185098,0.09663239880408615,0.12676932426166318,0.03869444793760996,0.039379003229218126,0.040280497759537216,0.9863812096051899,0.09822687686200472,0.12869364178069798
1500000,1.5,gwas,mcmc_is_no_oracle,Smooth MCMC-IS,"5%, gamma=0.4",80,1000000,20260729,0.10667377690218603,0.10640134284596185,0.10642154939543241,0.09120896168989091,0.12151295523249885,0.032767494395722276,0.03428104405791749,0.03794921680532595,0.9850574353505872,0.09264360592302609,0.12313813707246442
1500000,1.5,gwas,samc,SAMC,5%,80,1000000,20260729,0.2049392696280618,0.204227368771958,0.20404938689301083,0.17149452981041827,0.23808145345249251,0.05206613086462923,0.052807582489517814,0.04636180686720381,0.9893687273481601,0.17599339504361752,0.2440956663446538
1500000,1.5,hep,mcmc_is_no_oracle,Smooth MCMC-IS,"5%, gamma=0.4",80,1000000,20260729,0.08652127570126171,0.0863194164612789,0.08630565150109201,0.07455702695388643,0.09818572850941176,0.03633906641948036,0.038383183482683006,0.039627853661970434,0.9860361798415187,0.07577326721111365,0.09963779874149727
1500000,1.5,hep,samc,SAMC,5%,80,1000000,20260729,0.10695984788340658,0.106747761435053,0.10670867491804018,0.09355495917242243,0.12018118474348033,0.036880861092624,0.038120170467082076,0.03964219757857119,0.9860343241084422,0.09490482867155157,0.12183700810421279
1750000,1.75,gwas,mcmc_is_no_oracle,Smooth MCMC-IS,"5%, gamma=0.4",80,1000000,20260729,0.09950946055076805,0.09924512435819313,0.09917039753676561,0.0850850158074594,0.11383474515634075,0.04631397603240762,0.04734513446110403,0.04378486462273344,0.9881872425341747,0.08685161777025727,0.11614701895821265
1750000,1.75,gwas,samc,SAMC,5%,80,1000000,20260729,0.2157603666396599,0.215015244355422,0.21490625954506223,0.18018257498645823,0.25045278639632496,0.0476364275312893,0.047206387763145216,0.04397132830527447,0.9882565292782182,0.18456910182160344,0.25599772564247253
1750000,1.75,hep,mcmc_is_no_oracle,Smooth MCMC-IS,"5%, gamma=0.4",80,1000000,20260729,0.08260982574508093,0.08241803960780923,0.08243229678406136,0.07118853116870094,0.09354386803973434,0.03127026988893056,0.03134170182916724,0.03692976986320905,0.9844209053106712,0.07216350285862388,0.09464206617469392
1750000,1.75,hep,samc,SAMC,5%,80,1000000,20260729,0.09470967587956523,0.09440939254209244,0.09429933898950393,0.08001962317603177,0.10944940343695397,0.05442068377809246,0.05538840869266017,0.047538601533103436,0.9898776896835487,0.0820769830356544,0.11229947471430062
2000000,2.0,gwas,mcmc_is_no_oracle,Smooth MCMC-IS,"5%, gamma=0.4",80,1000000,20260729,0.08649804595924329,0.08626771601294889,0.08623221995839585,0.07414804919563123,0.09858635365683377,0.042439926829025566,0.041345475686186184,0.041438800294292914,0.9869790832373537,0.07552350494885728,0.10025332884245462
2000000,2.0,gwas,samc,SAMC,5%,80,1000000,20260729,0.17410802655181468,0.17366079599000278,0.17362961875194347,0.1494678963049525,0.19800612487314145,0.03888760358527066,0.038521048673456675,0.04007460423286952,0.9862548942794214,0.15204093328168458,0.20104649107672673
2000000,2.0,hep,mcmc_is_no_oracle,Smooth MCMC-IS,"5%, gamma=0.4",80,1000000,20260729,0.07913242707637076,0.07892962214012826,0.07893489963546993,0.06770045374930234,0.09013027424806125,0.034192057545420845,0.035651223348904616,0.03854231541775831,0.985407236031725,0.06879380455807595,0.0913775055707494
2000000,2.0,hep,samc,SAMC,5%,80,1000000,20260729,0.09575088328584644,0.09546267306795621,0.09532101486427358,0.08134667879891425,0.11036509421556119,0.057317851863106686,0.057665235988867615,0.04873794632317512,0.9903621414375,0.08341555685363157,0.11333673208891576
2250000,2.25,gwas,mcmc_is_no_oracle,Smooth MCMC-IS,"5%, gamma=0.4",80,1000000,20260729,0.09039058551695506,0.09017941405890141,0.09016606576542736,0.07831262642995349,0.10215561446493635,0.03672534485418144,0.03728196299025046,0.03938743451244174,0.9858824223428153,0.07952666838752558,0.10357556829955573
2250000,2.25,gwas,samc,SAMC,5%,80,1000000,20260729,0.1633172976392296,0.16297866190423932,0.1629340564326605,0.1426349250058597,0.1835317891679239,0.03690343610451149,0.037595830110247586,0.03950187507646299,0.985948712268074,0.14471993950474454,0.1860318678421434
2250000,2.25,hep,mcmc_is_no_oracle,Smooth MCMC-IS,"5%, gamma=0.4",80,1000000,20260729,0.07382720939479022,0.07361123599532023,0.07362573594325422,0.06242742098600919,0.08470245536282865,0.035027264852961135,0.03582861095983113,0.03872174275702271,0.9855039233949179,0.06354811812133843,0.08594640620089287
2250000,2.25,hep,samc,SAMC,5%,80,1000000,20260729,0.07815798995470502,0.07795978590557544,0.07799920171418864,0.06697026334848936,0.08873169427953637,0.02827101253673581,0.02898243448308876,0.035850699657644494,0.9837449353513951,0.06787773533378344,0.08969234880373984
2500000,2.5,gwas,mcmc_is_no_oracle,Smooth MCMC-IS,"5%, gamma=0.4",80,1000000,20260729,0.08655022549031595,0.08634164368199573,0.08633206863074341,0.07456900846673023,0.09822076330525571,0.03591516969978565,0.038005240718162005,0.03945663118717657,0.9859402793921221,0.07576525135027753,0.0996495502992634
2500000,2.5,gwas,samc,SAMC,5%,80,1000000,20260729,0.14978747304694834,0.14941180710032212,0.14937244170579816,0.12879810616499449,0.17022114534913194,0.038870043921093125,0.039024670766797206,0.04021090467961825,0.9863363968800982,0.13098503972420902,0.17288160937038197
2500000,2.5,hep,mcmc_is_no_oracle,Smooth MCMC-IS,"5%, gamma=0.4",80,1000000,20260729,0.07145110706095953,0.07124776937746603,0.07128434795031906,0.060536293227643354,0.08178461946593105,0.030369962817851613,0.032254548679909095,0.03703618008710587,0.984506651555266,0.061510044370030485,0.0828181644104738
2500000,2.5,hep,samc,SAMC,5%,80,1000000,20260729,0.08403099451274046,0.08372568984467663,0.08357717335153703,0.06998561293525535,0.09828241452911898,0.06221451950041775,0.06317169903414133,0.05129972253297835,0.9913565258259202,0.07215409849562777,0.10153996378205002
2750000,2.75,gwas,mcmc_is_no_oracle,Smooth MCMC-IS,"5%, gamma=0.4",80,1000000,20260729,0.07854564465230253,0.07836792196917713,0.07829272981603104,0.06830902735701817,0.08881878254238772,0.048078099606390846,0.046408486743894604,0.04381860067687124,0.9881661431807295,0.06956650011216339,0.09046305946909315
2750000,2.75,gwas,samc,SAMC,5%,80,1000000,20260729,0.13674979432489098,0.1362791125411019,0.13595029082847632,0.11508087311477855,0.15927238424151202,0.07012018617821364,0.07036702345239809,0.05503204606108633,0.992626528419693,0.11870776878359485,0.16528980041442173
2750000,2.75,hep,mcmc_is_no_oracle,Smooth MCMC-IS,"5%, gamma=0.4",80,1000000,20260729,0.06855207569667728,0.06840271765143972,0.06842953228568771,0.05951112409628854,0.07715842712261119,0.02734320140310186,0.026316770224576826,0.0350131024071372,0.98317835740977,0.060188371101478275,0.0778798150975977
2750000,2.75,hep,samc,SAMC,5%,80,1000000,20260729,0.07196529996773375,0.07169374216438174,0.07155143518327006,0.05990361852130485,0.08429638213261512,0.06552751450605239,0.06721773022518515,0.05316389111422793,0.9920292162617376,0.06186011300684978,0.08729463273557764
3000000,3.0,gwas,mcmc_is_no_oracle,Smooth MCMC-IS,"5%, gamma=0.4",80,1000000,20260729,0.08007613985390408,0.07991792322991677,0.0798949909155651,0.06997714919208442,0.0899601383249826,0.03523795161365633,0.03682203391662669,0.03902568442063591,0.9856886773482761,0.07098040447614978,0.0911485204580162
3000000,3.0,gwas,samc,SAMC,5%,80,1000000,20260729,0.14992790177661633,0.1495963616951243,0.1495409827137992,0.1298565510672491,0.16973067556688398,0.038571531459385945,0.04087210474482024,0.04067395856461685,0.9866157515677146,0.13199487910149724,0.1723338561386648
3000000,3.0,hep,mcmc_is_no_oracle,Smooth MCMC-IS,"5%, gamma=0.4",80,1000000,20260729,0.06545697572991671,0.06527157409732409,0.06524834239105179,0.05589629917869708,0.0747875240540229,0.0434033591650478,0.04223163548816662,0.0418466423894978,0.9871902790867291,0.05696876492469209,0.07611769381526905
3000000,3.0,hep,samc,SAMC,5%,80,1000000,20260729,0.0733648509175341,0.07309990935222666,0.0731042889729133,0.06069987013581533,0.08546721944221526,0.04053826630814317,0.04267558202854769,0.041497563551231444,0.9870520781122855,0.0621311655046053,0.08714781162891376
3250000,3.25,gwas,mcmc_is_no_oracle,Smooth MCMC-IS,"5%, gamma=0.4",80,1000000,20260729,0.08063701841506002,0.08048413623482543,0.08046807486335801,0.07078370331682123,0.09024542378525403,0.03381082974066818,0.03388782558649913,0.03800512141843424,0.9850742610868681,0.07170924638343835,0.09130975650089442
3250000,3.25,gwas,samc,SAMC,5%,80,1000000,20260729,0.1395080573818896,0.13902280890713398,0.13905286425421556,0.11671185406065537,0.16121186675942584,0.040312485351437506,0.039638880216326416,0.0406147515969851,0.9865458809760197,0.11919636783035782,0.16403024255568954
3250000,3.25,hep,mcmc_is_no_oracle,Smooth MCMC-IS,"5%, gamma=0.4",80,1000000,20260729,0.06160422053804979,0.061434727284764346,0.061445686267001726,0.052660080238668805,0.0701385524987232,0.03524045979878155,0.033343064570169716,0.03808033542671396,0.985096209448932,0.05349840131645512,0.07107037578341727
3250000,3.25,hep,samc,SAMC,5%,80,1000000,20260729,0.08019537231389595,0.07998675262630611,0.07994276451978197,0.06874056902611929,0.09145106526944324,0.043250311255652624,0.043241556418628355,0.04210522743333294,0.9873386369391969,0.07005191238706193,0.09311454419655033
3500000,3.5,gwas,mcmc_is_no_oracle,Smooth MCMC-IS,"5%, gamma=0.4",80,1000000,20260729,0.0799624144129052,0.07979353517753376,0.0798179998516334,0.06954537447208195,0.08990408050262282,0.027423443586926985,0.027638868208564638,0.03537117870081318,0.9834274493080339,0.07034043238995868,0.09076749958112053
3500000,3.5,gwas,samc,SAMC,5%,80,1000000,20260729,0.12521907619346576,0.12479114613202465,0.12469726233262508,0.1050327042385338,0.1450347032017402,0.050991868647118216,0.04914981875994533,0.04511047187209304,0.9887702704028258,0.1076516299428461,0.14835109396115773
3500000,3.5,hep,mcmc_is_no_oracle,Smooth MCMC-IS,"5%, gamma=0.4",80,1000000,20260729,0.056789108576802416,0.056660592953312855,0.05667946708255388,0.04900259028161773,0.06422335174965346,0.02794000689485432,0.029810727921688276,0.03601971532838,0.983865799366174,0.04963596355604786,0.0649124456543528
3500000,3.5,hep,samc,SAMC,5%,80,1000000,20260729,0.0626226289686981,0.06243651598785423,0.062325988462816825,0.053416461854075434,0.07205481961300937,0.060526889978295424,0.06054416262460739,0.050191011575545355,0.9909271558060411,0.0547774757800006,0.07413207058458073
3750000,3.75,gwas,mcmc_is_no_oracle,Smooth MCMC-IS,"5%, gamma=0.4",80,1000000,20260729,0.07570551263959588,0.07550266282435478,0.07552263521994143,0.06490606178206629,0.0860070808786288,0.033728063828923044,0.032064967634533544,0.03750073314501789,0.9847515609963872,0.06587195381142952,0.08708613763141368
3750000,3.75,gwas,samc,SAMC,5%,80,1000000,20260729,0.13093009984267337,0.130583027781874,0.13044531970032375,0.11249602220067316,0.1495102680200363,0.05193309983220679,0.051287383804714516,0.04589550670781257,0.9891424098185183,0.11494124336972651,0.15285515197655825
3750000,3.75,hep,mcmc_is_no_oracle,Smooth MCMC-IS,"5%, gamma=0.4",80,1000000,20260729,0.05269785888944558,0.0525992711487823,0.05263325012644878,0.0461362665239936,0.05885176955336406,0.019961606541028163,0.02036148394495136,0.0324228657889768,0.9813770944078563,0.04652149538171996,0.05923361703521336
3750000,3.75,hep,samc,SAMC,5%,80,1000000,20260729,0.06209336031256884,0.0619579518348568,0.06193816399384171,0.054095782519810724,0.06992517079517219,0.03821281934808991,0.037958280074405056,0.03981093335650967,0.986110191522717,0.054913776323819344,0.0709306290620463
4000000,4.0,gwas,mcmc_is_no_oracle,Smooth MCMC-IS,"5%, gamma=0.4",80,1000000,20260729,0.0711462226357226,0.07091992288447638,0.07089552296034143,0.05999914335377279,0.08200400768000302,0.04418617756250805,0.04445349082553813,0.04260342208412297,0.987595131171744,0.06130447487343788,0.08361048998895167
4000000,4.0,gwas,samc,SAMC,5%,80,1000000,20260729,0.13319382290744955,0.1328601193975576,0.13280079611250778,0.1146125564250573,0.15146977922702737,0.04191557532011836,0.04152405218581637,0.041402392405096584,0.9869691355414815,0.1166526639257317,0.15402092899470654
4000000,4.0,hep,mcmc_is_no_oracle,Smooth MCMC-IS,"5%, gamma=0.4",80,1000000,20260729,0.04683586488141355,0.0467495378828518,0.04678829031191159,0.04107758431359543,0.05222042795787783,0.016699933767717924,0.017520925178217402,0.03126077190483856,0.9805042967168678,0.041361958794888035,0.05250007127474217
4000000,4.0,hep,samc,SAMC,5%,80,1000000,20260729,0.07215990161775565,0.07195698014753414,0.07189053145510853,0.061617643074850806,0.08268481975837731,0.049752022246168245,0.049981649369446095,0.04513487348138104,0.9888108311219672,0.06295847042832496,0.0844750424590095
4250000,4.25,gwas,mcmc_is_no_oracle,Smooth MCMC-IS,"5%, gamma=0.4",80,1000000,20260729,0.07373724936422772,0.07350055037332417,0.07349420486471098,0.06197746979910894,0.08508367916906301,0.04130342832032833,0.042008113075796924,0.041436970215334774,0.9870015770745115,0.06328961643636931,0.08664230919346787
4250000,4.25,gwas,samc,SAMC,5%,80,1000000,20260729,0.13000926413711852,0.1295262129806587,0.1294101369289562,0.10752229588737201,0.15225286942244282,0.052721259435649995,0.05519276929264042,0.047175967699409196,0.9897461554742865,0.11063311433652656,0.15642528804272865
4250000,4.25,hep,mcmc_is_no_oracle,Smooth MCMC-IS,"5%, gamma=0.4",80,1000000,20260729,0.04458728123908809,0.04451057528735315,0.04451648757241155,0.03931866995530372,0.04966627002678451,0.02713256650687502,0.027701616233023342,0.035344547789306915,0.9834134554088404,0.03972238772745537,0.050099375638953704
4250000,4.25,hep,samc,SAMC,5%,80,1000000,20260729,0.0727422966108118,0.07250152750151144,0.07252191053769733,0.06090680977426452,0.08393871269288515,0.03718186280107223,0.03638467397919836,0.03921422260891857,0.9857677029631106,0.06210690571468994,0.08528734570868887
4500000,4.5,gwas,mcmc_is_no_oracle,Smooth MCMC-IS,"5%, gamma=0.4",80,1000000,20260729,0.07139356004402557,0.07112782038828015,0.0710865975806785,0.05947034768118721,0.08300745872656255,0.050833746262779186,0.04920337435072959,0.045098397140980316,0.988767729780053,0.061012003778374915,0.08499851774980959
4500000,4.5,gwas,samc,SAMC,5%,80,1000000,20260729,0.10795707743153869,0.10770414729463704,0.10764501131240946,0.09372877197082441,0.12203892108447713,0.042999415233551976,0.04299067491385866,0.041992931433587725,0.9872810221384064,0.0953415524406892,0.12405681976747199
4500000,4.5,hep,mcmc_is_no_oracle,Smooth MCMC-IS,"5%, gamma=0.4",80,1000000,20260729,0.04284564759607587,0.04277215851560296,0.0427867193366778,0.03774070387138731,0.04772397206464569,0.0232911889602772,0.023875457712909196,0.033790569079291406,0.9823597188188791,0.0380806622307293,0.04807853769964507
4500000,4.5,hep,samc,SAMC,5%,80,1000000,20260729,0.06252752610059645,0.06229640927651388,0.062320791534457576,0.05157106948284675,0.07290953463487708,0.03794692403577976,0.03976240603988891,0.04026573546913558,0.9863873502284458,0.05273707143152953,0.07423957997261979
4750000,4.75,gwas,mcmc_is_no_oracle,Smooth MCMC-IS,"5%, gamma=0.4",80,1000000,20260729,0.06938915785323153,0.06920463542254762,0.06919688440589546,0.05907161146189162,0.07938868298778914,0.03680561118868077,0.03942459542108923,0.039988824446658085,0.9862447243197903,0.06014437421584393,0.08064224493068656
4750000,4.75,gwas,samc,SAMC,5%,80,1000000,20260729,0.10927535518153303,0.10881942464849559,0.10844751274446979,0.09052306120765441,0.12927316368376013,0.08297929880208421,0.08147212760487776,0.06116771473751749,0.9943592014396718,0.09398502523551996,0.13567652385552273
4750000,4.75,hep,mcmc_is_no_oracle,Smooth MCMC-IS,"5%, gamma=0.4",80,1000000,20260729,0.04261737759512186,0.042540059479367225,0.042540886211848684,0.037513141746758454,0.04755768889356562,0.02994865770197072,0.03028689177342799,0.03644812788579255,0.9841225089415488,0.03794193319826216,0.048039478789848974
4750000,4.75,hep,samc,SAMC,5%,80,1000000,20260729,0.05601809296670227,0.055869076060622844,0.05584507894371907,0.04788073257644747,0.06400427794253614,0.04230946508169058,0.0436618895922998,0.042066966912908246,0.9873371012900379,0.04880818579237685,0.06515756549878704
5000000,5.0,gwas,mcmc_is_no_oracle,Smooth MCMC-IS,"5%, gamma=0.4",80,1000000,20260729,0.0683725656538934,0.06817460424824642,0.06812939795783349,0.05808639574771869,0.07850682777220734,0.04576946085337719,0.04694766955622109,0.04357872194180813,0.9880895404647349,0.05934043230459487,0.08010505115330446
5000000,5.0,gwas,samc,SAMC,5%,80,1000000,20260729,0.10952849031274654,0.10908687377677644,0.1090868491254174,0.08968474486178353,0.1285295688679969,0.04429406810779128,0.04626987606572465,0.043135922319609096,0.9878836368380601,0.09207931896815187,0.13142083827659348
5000000,5.0,hep,mcmc_is_no_oracle,Smooth MCMC-IS,"5%, gamma=0.4",80,1000000,20260729,0.04334650408319064,0.04326065031539935,0.043253766345230094,0.037861277539387936,0.04870938240320073,0.03318382098630793,0.03555078202163472,0.038357265860780025,0.9853093540871729,0.03838290085716108,0.04932720850532137
5000000,5.0,hep,samc,SAMC,5%,80,1000000,20260729,0.05936482025170443,0.05922105321623326,0.05919522269655172,0.051254457806353654,0.0673543917276508,0.04099986937452981,0.04197801170079292,0.041378613768608775,0.98697447257619,0.05214722623251523,0.06847793160355724
