threshold_band,p_half,checkpoint,budget_millions,n_scenarios,n_bootstrap,bootstrap_seed,bootstrap_pairing,observed_rrmse,bca_ci95_low,bca_ci95_high,percentile_ci95_low,percentile_ci95_high,bootstrap_mean_rrmse,bootstrap_median_rrmse,bca_bias_correction_z0,bca_acceleration,bca_alpha_low,bca_alpha_high
significant,Lower p-value half,250000,0.25,40,1000000,20280803,same resampled scenario rows at every checkpoint within curve,1.1959346904028645,0.9261015556925275,1.8075411775958643,0.8538682043625024,1.5827766576267215,1.1803501740234206,1.170381783997656,0.1352730401171793,0.13003340067489796,0.09020432279964641,0.9987156507580123
significant,Lower p-value half,500000,0.5,40,1000000,20280803,same resampled scenario rows at every checkpoint within curve,1.0015620946291282,0.8063032312088987,1.3909415704185493,0.7545156821071582,1.2686113102168872,0.9925990217394838,0.9862761572281764,0.11036236391360131,0.10966154027800082,0.07674013941063591,0.9973546898759992
significant,Lower p-value half,750000,0.75,40,1000000,20280803,same resampled scenario rows at every checkpoint within curve,0.7927594631066381,0.653726400977402,0.9787938779221856,0.6306875631674914,0.9486046876957941,0.7885192909107299,0.788226684244088,0.05558049903797241,0.056441184910372505,0.048058674130406,0.9900928178396379
significant,Lower p-value half,1000000,1.0,40,1000000,20280803,same resampled scenario rows at every checkpoint within curve,0.7004476386273883,0.5873611431178876,0.8626422461442075,0.5663846001317878,0.8328183128109332,0.6970672591322796,0.696169411943943,0.0628122638681071,0.06356836090081174,0.051532995118015526,0.9914387324517981
significant,Lower p-value half,1250000,1.25,40,1000000,20280803,same resampled scenario rows at every checkpoint within curve,0.5958541855067038,0.49657968751108955,0.7299528374770358,0.4798397870100404,0.7082223288201658,0.5929126078916606,0.5925159083017497,0.0570040110286871,0.05632858061594502,0.048284087872548266,0.9901627335020525
significant,Lower p-value half,1500000,1.5,40,1000000,20280803,same resampled scenario rows at every checkpoint within curve,0.5398201697562515,0.4384489524711466,0.7175676979027148,0.4128342018227393,0.6705143676933788,0.5357043848777423,0.5337145041580197,0.0899939783415853,0.09196678858818293,0.06608784437076981,0.9955544797928922
significant,Lower p-value half,1750000,1.75,40,1000000,20280803,same resampled scenario rows at every checkpoint within curve,0.5504542458142184,0.41781986398042503,0.8046989387229164,0.38068974821427093,0.7247524500342224,0.5431504478677269,0.5402394688986922,0.1116587341843187,0.11130794807263673,0.07761848330324558,0.9974774048090042
significant,Lower p-value half,2000000,2.0,40,1000000,20280803,same resampled scenario rows at every checkpoint within curve,0.5038321615589104,0.3975515118860126,0.6812757782095048,0.37111949731970323,0.6363697778216201,0.4991613759448764,0.4977263529796834,0.08793542571974057,0.08929477470742218,0.06476233138608616,0.9952585432757668
significant,Lower p-value half,2250000,2.25,40,1000000,20280803,same resampled scenario rows at every checkpoint within curve,0.44442418892324687,0.349072567692017,0.5988540321042201,0.325871684974178,0.5609774368297799,0.44023903276006754,0.43919974033615783,0.08567849218030897,0.08544362591978563,0.06302298516123621,0.9948353406357402
significant,Lower p-value half,2500000,2.5,40,1000000,20280803,same resampled scenario rows at every checkpoint within curve,0.425622352597529,0.321219413880184,0.5805071625464218,0.2968080054171614,0.5461669746266661,0.42076481478787175,0.4205306904048537,0.07897312427830275,0.07846767703870515,0.059368590338675906,0.9938990726016125
significant,Lower p-value half,2750000,2.75,40,1000000,20280803,same resampled scenario rows at every checkpoint within curve,0.42163190714405213,0.32729567285176914,0.5528640617943118,0.3082352192441119,0.5279350107112565,0.41784637638110195,0.41772796480630936,0.06837640995615799,0.06761367341026338,0.05383925036640585,0.9922206024300542
significant,Lower p-value half,3000000,3.0,40,1000000,20280803,same resampled scenario rows at every checkpoint within curve,0.37674155211818555,0.28126950898764624,0.5124969156996112,0.25936027070749956,0.48443805041472693,0.37229078157034967,0.3723969248556355,0.07563687307981906,0.07395904601741589,0.05725917887791967,0.9932823079975216
significant,Lower p-value half,3250000,3.25,40,1000000,20280803,same resampled scenario rows at every checkpoint within curve,0.35592668698098895,0.2571421436170965,0.5562150395238334,0.22986278038971827,0.4865130460128029,0.3494927177394646,0.3470702271860281,0.12870636343690878,0.1244367791294801,0.08648907310984977,0.9984156538467414
significant,Lower p-value half,3500000,3.5,40,1000000,20280803,same resampled scenario rows at every checkpoint within curve,0.3145200550818612,0.22107280835855495,0.4870308158222427,0.19721947373281082,0.43100357249286086,0.308556818600785,0.30706841451510536,0.11540009962667826,0.11694038721826386,0.08047549569095436,0.9978539517670985
significant,Lower p-value half,3750000,3.75,40,1000000,20280803,same resampled scenario rows at every checkpoint within curve,0.27894980559609933,0.20639863259578853,0.39230685898986833,0.1879358658894378,0.3643262110352923,0.27527432309333927,0.27490212584856877,0.08740449067412376,0.0877396925557863,0.06414094478171524,0.9951039529611343
significant,Lower p-value half,4000000,4.0,40,1000000,20280803,same resampled scenario rows at every checkpoint within curve,0.25141757423400646,0.1909825771973412,0.3439838381764947,0.17662646370995147,0.3224749451488989,0.2486205795319671,0.24832172835680033,0.08143753451689006,0.08222796868337658,0.061083371457423714,0.9943717441246194
significant,Lower p-value half,4250000,4.25,40,1000000,20280803,same resampled scenario rows at every checkpoint within curve,0.2515633363717466,0.198976957690387,0.3319559180573648,0.18707083055651413,0.3142535736379252,0.24944654397251997,0.24902262913297102,0.07752990765781582,0.07795241173764036,0.058906161169328015,0.9937857242355275
significant,Lower p-value half,4500000,4.5,40,1000000,20280803,same resampled scenario rows at every checkpoint within curve,0.23091998564902874,0.18522210448667675,0.29690874997864997,0.1759799442017601,0.2839704100452816,0.2292578926434636,0.2290311551051351,0.06766036640890052,0.06935063450523135,0.05423368232253851,0.9923890454173361
significant,Lower p-value half,4750000,4.75,40,1000000,20280803,same resampled scenario rows at every checkpoint within curve,0.2453919771177785,0.19390635796428005,0.3257610349289217,0.18191763153147356,0.3072896075230157,0.24326135194760976,0.24278680899024052,0.07973754238019928,0.08052231348961017,0.060181265591146185,0.9941368722166288
significant,Lower p-value half,5000000,5.0,40,1000000,20280803,same resampled scenario rows at every checkpoint within curve,0.24832828232398194,0.19559595535554902,0.3245440207327063,0.18456202407911196,0.3091316315160383,0.24626795996863396,0.2460667371868882,0.06987393407804926,0.07115435276029355,0.05522709647034955,0.9927045437123145
significant,Higher p-value half,250000,0.25,40,1000000,20280804,same resampled scenario rows at every checkpoint within curve,0.8700015796179386,0.5820268397322867,1.5061347070474618,0.5083359824028058,1.255263494743223,0.8461828988165266,0.8447138838520888,0.15282535779600886,0.14371789187567469,0.09996824293080103,0.9992809611707374
significant,Higher p-value half,500000,0.5,40,1000000,20280804,same resampled scenario rows at every checkpoint within curve,0.4703025830141166,0.3783530448661175,0.5958527075139111,0.3615836760936008,0.5740357132849623,0.46720562669184873,0.4670561799406271,0.059391855474001824,0.06157878011897688,0.050289619611328225,0.9909974343094793
significant,Higher p-value half,750000,0.75,40,1000000,20280804,same resampled scenario rows at every checkpoint within curve,0.27190879164144693,0.21877098485599228,0.34549663373947725,0.20882313913699319,0.3323726045361053,0.27011246290841395,0.2699623141128509,0.061127083453100826,0.06329447334884301,0.051131349026747576,0.991312855069507
significant,Higher p-value half,1000000,1.0,40,1000000,20280804,same resampled scenario rows at every checkpoint within curve,0.24778582551757086,0.204580493948501,0.3036417893945579,0.19801391600182053,0.29540788306001875,0.2465796318625434,0.2465546454246356,0.04924506265724922,0.052567009990949244,0.04579433325203939,0.9891541335355761
significant,Higher p-value half,1250000,1.25,40,1000000,20280804,same resampled scenario rows at every checkpoint within curve,0.24437901235422743,0.20813894216973047,0.2917487639930464,0.20282106149679827,0.28491645280518474,0.2435030959836383,0.24338188004205225,0.047729278272758725,0.04903170030379224,0.04451061973822581,0.9885362660654924
significant,Higher p-value half,1500000,1.5,40,1000000,20280804,same resampled scenario rows at every checkpoint within curve,0.21647792931789392,0.18270688392624101,0.2514371970720354,0.18036551673064863,0.24926979938894245,0.21577843872353092,0.21610021361595952,0.021375647006879057,0.022023435505913222,0.03304337160485927,0.981830671707112
significant,Higher p-value half,1750000,1.75,40,1000000,20280804,same resampled scenario rows at every checkpoint within curve,0.19890009426402563,0.1695327918310648,0.22968018694161993,0.16744224155408977,0.22769999902252192,0.19829807003582792,0.19855057433783455,0.022275740947092917,0.02298831301276115,0.0334176075067021,0.9820983997785732
significant,Higher p-value half,2000000,2.0,40,1000000,20280804,same resampled scenario rows at every checkpoint within curve,0.2007090007631816,0.16989548310162128,0.23472050119120805,0.16706812013597247,0.23182644260348412,0.20002242011266014,0.20022476332681827,0.029657759657406604,0.029677608777995496,0.03624257752509035,0.983988900358553
significant,Higher p-value half,2250000,2.25,40,1000000,20280804,same resampled scenario rows at every checkpoint within curve,0.1860219257809653,0.15611067968204842,0.22556512196796108,0.15135455946102055,0.2195398741288686,0.18519404873070036,0.1851057054065417,0.05253049170533306,0.0530336221279537,0.04651016191417004,0.9894302091905138
significant,Higher p-value half,2500000,2.5,40,1000000,20280804,same resampled scenario rows at every checkpoint within curve,0.18314335833769016,0.15505919798809406,0.2125099160984617,0.15305690239389885,0.21059332782306564,0.1825555222226472,0.1828064541591417,0.022634279173303067,0.022743288283037955,0.033405995926546105,0.9820849731423209
significant,Higher p-value half,2750000,2.75,40,1000000,20280804,same resampled scenario rows at every checkpoint within curve,0.17012418094514792,0.14508971334133428,0.1992594670636132,0.14237801511910006,0.19629281499901904,0.16957528274955416,0.16964317022884728,0.035009707693215,0.03515567787716777,0.03853598238016658,0.9853880631639214
significant,Higher p-value half,3000000,3.0,40,1000000,20280804,same resampled scenario rows at every checkpoint within curve,0.1650211323504687,0.13776262584388252,0.21315334352602971,0.1311636345621336,0.20063107284493537,0.16405408999523155,0.16340274515448017,0.08818706235243222,0.0888681207697411,0.06467870886460353,0.9952302058374402
significant,Higher p-value half,3250000,3.25,40,1000000,20280804,same resampled scenario rows at every checkpoint within curve,0.15514894742208915,0.13486991206347348,0.18861967186684833,0.13053239240892642,0.1811581373075597,0.15461772150011946,0.15417982487687654,0.07450068013899577,0.0755362641234209,0.057523300719786986,0.9934010530462236
significant,Higher p-value half,3500000,3.5,40,1000000,20280804,same resampled scenario rows at every checkpoint within curve,0.14418909010209618,0.12171872205157118,0.17646311160487574,0.11767956438488437,0.17068304787196759,0.14356567632241105,0.1433657341839687,0.06006985351515215,0.06270700751461865,0.050755422770673145,0.9911801430885975
significant,Higher p-value half,3750000,3.75,40,1000000,20280804,same resampled scenario rows at every checkpoint within curve,0.14208680639047663,0.11904385422306629,0.17155811164546664,0.11572995511480426,0.1674150339888019,0.14148880853369653,0.1414658443044286,0.047199783592013315,0.048805549304241,0.04435450144823602,0.988467005756907
significant,Higher p-value half,4000000,4.0,40,1000000,20280804,same resampled scenario rows at every checkpoint within curve,0.1379653747311951,0.11749123331378146,0.16142613790915275,0.1154619486610195,0.15920070073330939,0.13753156432506422,0.13760654377912068,0.0314658831084161,0.03362909179001884,0.03757241460256847,0.9848380766734288
significant,Higher p-value half,4250000,4.25,40,1000000,20280804,same resampled scenario rows at every checkpoint within curve,0.1383134025972315,0.11661736076069089,0.1644863802740284,0.11396724589646524,0.16145598671808636,0.13780392147340825,0.1378394911148505,0.03908076068380393,0.040850275711420796,0.040750690649151926,0.9866503726840379
significant,Higher p-value half,4500000,4.5,40,1000000,20280804,same resampled scenario rows at every checkpoint within curve,0.12977181236544166,0.10691194022485434,0.16258524339321406,0.10261135334593209,0.15642716406144455,0.12904639381511265,0.12888553278042078,0.06360594236880766,0.06550473175163059,0.05227177507806727,0.9917213817796144
significant,Higher p-value half,4750000,4.75,40,1000000,20280804,same resampled scenario rows at every checkpoint within curve,0.11880952802888806,0.09729843417761762,0.15193978557735038,0.09271056326657563,0.14478410251719567,0.1180637829234336,0.11782310928163978,0.0728015971368744,0.07483849505653366,0.05696001546018569,0.9932499327474594
significant,Higher p-value half,5000000,5.0,40,1000000,20280804,same resampled scenario rows at every checkpoint within curve,0.10609842076800793,0.08704290041368548,0.13198144110422877,0.08373036012528698,0.12765168694152637,0.10550327011949753,0.10544356936391291,0.05747351900963354,0.05907676518912336,0.04918631735921694,0.990559989076002
non_significant,Lower p-value half,250000,0.25,40,1000000,20280805,same resampled scenario rows at every checkpoint within curve,0.2674542119354578,0.2224593275979875,0.3301604099169001,0.21444418585914027,0.3192669059550334,0.2661324242555114,0.2658645530073731,0.05966305139685846,0.05997280440208474,0.0498588141633282,0.9908038813137126
non_significant,Lower p-value half,500000,0.5,40,1000000,20280805,same resampled scenario rows at every checkpoint within curve,0.15759973122751875,0.12981126416626457,0.19194481750974096,0.12591271014311065,0.18742627829149408,0.15683403930874645,0.1568847729530992,0.045337873217388115,0.04639461639634188,0.04334799154933787,0.9879753538153995
non_significant,Lower p-value half,750000,0.75,40,1000000,20280805,same resampled scenario rows at every checkpoint within curve,0.1063491662187984,0.08787173818727781,0.1279543025474855,0.0856668234332109,0.12555753859253252,0.10587117806784928,0.1059620038158299,0.03818271785671746,0.039395648091503345,0.04020248578360508,0.9863450554266494
non_significant,Lower p-value half,1000000,1.0,40,1000000,20280805,same resampled scenario rows at every checkpoint within curve,0.10072543891699734,0.0805818037934701,0.1392350691314352,0.07509657867405388,0.12772300920411558,0.09980600349891652,0.09930169116182076,0.10251236336782754,0.10456520019694071,0.0731327828749163,0.9968533267246258
non_significant,Lower p-value half,1250000,1.25,40,1000000,20280805,same resampled scenario rows at every checkpoint within curve,0.09212893825261369,0.0752473483476356,0.1174436781078628,0.07176153603165063,0.11222703590267853,0.09154943770226168,0.0914102972457841,0.06948948773428011,0.07159056019952703,0.05528595634263076,0.9927357534482204
non_significant,Lower p-value half,1500000,1.5,40,1000000,20280805,same resampled scenario rows at every checkpoint within curve,0.08931153108063272,0.07404272508286558,0.1091077739828917,0.0717116794336941,0.10617417384339006,0.08888520498795902,0.08886612360325447,0.05039954370078809,0.05133455349235162,0.045639618926182145,0.9890503545939268
non_significant,Lower p-value half,1750000,1.75,40,1000000,20280805,same resampled scenario rows at every checkpoint within curve,0.07796675085784603,0.06482764586683722,0.09413526776873501,0.06304792165174805,0.09206481602228866,0.07761763405269857,0.0776431602290634,0.04386752708963483,0.04512533643177813,0.042739899194104945,0.9876769699235921
non_significant,Lower p-value half,2000000,2.0,40,1000000,20280805,same resampled scenario rows at every checkpoint within curve,0.07412715492531095,0.05982304147564768,0.09392725519259851,0.0571782348884198,0.09039167920963793,0.07365191877490758,0.07361067779683815,0.06020294525194254,0.06327637505542234,0.05095179154651942,0.9912600177081485
non_significant,Lower p-value half,2250000,2.25,40,1000000,20280805,same resampled scenario rows at every checkpoint within curve,0.06988011240661582,0.056104535887574206,0.08772779124925391,0.05379607632076719,0.08494334833370504,0.06943248748959224,0.06944301404920503,0.05471941701031637,0.0549629532876612,0.04746718552127546,0.9898369811048232
non_significant,Lower p-value half,2500000,2.5,40,1000000,20280805,same resampled scenario rows at every checkpoint within curve,0.06548179156052408,0.054232340663867375,0.08149585741933457,0.05207214827551874,0.07854024331588501,0.06512940004166208,0.06504681037063934,0.06366119995305254,0.06303416147060684,0.05153233352159003,0.9914175241213476
non_significant,Lower p-value half,2750000,2.75,40,1000000,20280805,same resampled scenario rows at every checkpoint within curve,0.06526585170151226,0.05362932969604725,0.08131234826260754,0.05154878924018568,0.07855161428096595,0.06489804886275133,0.0648506509945544,0.05981622880969617,0.06009805979789204,0.04992480854467903,0.9908289483983418
non_significant,Lower p-value half,3000000,3.0,40,1000000,20280805,same resampled scenario rows at every checkpoint within curve,0.06244073482905866,0.049952457181506996,0.07987438108472639,0.04756463476472302,0.07665350224955049,0.06199994824419339,0.0619624419416613,0.06376418051524055,0.06445326010080772,0.05198250860145361,0.9915999706155659
non_significant,Lower p-value half,3250000,3.25,40,1000000,20280805,same resampled scenario rows at every checkpoint within curve,0.06122553348066642,0.05033999567867776,0.07515011619468652,0.04866377682303703,0.07312287985254534,0.06090862537035443,0.0609164927197388,0.049147185782460995,0.051160162254963976,0.045369982730444174,0.9889436337490586
non_significant,Lower p-value half,3500000,3.5,40,1000000,20280805,same resampled scenario rows at every checkpoint within curve,0.0583795888402706,0.048202871473305826,0.07094278351011128,0.04679575729094352,0.06930430331109139,0.0581030209444803,0.058122641499028044,0.045104518308936005,0.045816079020049784,0.04314408504521865,0.9878704242662121
non_significant,Lower p-value half,3750000,3.75,40,1000000,20280805,same resampled scenario rows at every checkpoint within curve,0.05240340276735492,0.04305334119784196,0.06424811670442003,0.0416637493802797,0.06256511657515389,0.052133041842403104,0.05214148960300527,0.048700471651355715,0.049403174549707635,0.04478534192746327,0.9886561473572769
non_significant,Lower p-value half,4000000,4.0,40,1000000,20280805,same resampled scenario rows at every checkpoint within curve,0.05272990213319081,0.043693193109003096,0.06661067279219865,0.04178943934680695,0.06368368760510619,0.05243737701839446,0.05233502142632829,0.0702181856449371,0.0728359404539898,0.05581713345852948,0.9929105382374904
non_significant,Lower p-value half,4250000,4.25,40,1000000,20280805,same resampled scenario rows at every checkpoint within curve,0.052841148846094685,0.04406647304633635,0.06367849765367478,0.04288398004362301,0.06228668958133553,0.0526126044150609,0.052620898397959706,0.04373705731696315,0.044525976880212065,0.042548625164210145,0.9875745561731988
non_significant,Lower p-value half,4500000,4.5,40,1000000,20280805,same resampled scenario rows at every checkpoint within curve,0.05452322279124491,0.04480888392795594,0.07214077671439043,0.04232950190158157,0.06734103265937419,0.05415073605826606,0.05391242698251227,0.09293651058793459,0.09424624869546888,0.06749305673596934,0.9958339996497256
non_significant,Lower p-value half,4750000,4.75,40,1000000,20280805,same resampled scenario rows at every checkpoint within curve,0.051322076481366316,0.04178037250365927,0.06997958824593103,0.039177716657964615,0.06437641380805147,0.050918343625965444,0.0506345635265644,0.10268119369059105,0.10494720700557018,0.073301036344969,0.9968826957393977
non_significant,Lower p-value half,5000000,5.0,40,1000000,20280805,same resampled scenario rows at every checkpoint within curve,0.04699274477060768,0.03822620426495858,0.06146043755891245,0.036187455233952476,0.05796031161219702,0.04666628624998115,0.04652503611050648,0.08212162115160693,0.08378310880893862,0.06172649135943251,0.9945471784241697
non_significant,Higher p-value half,250000,0.25,40,1000000,20280806,same resampled scenario rows at every checkpoint within curve,0.28046290724718614,0.23286550257987007,0.34717467310233946,0.2240573762042726,0.3352900945339091,0.27896662409346507,0.27870073522100103,0.06221703098472158,0.06102080762536148,0.0506509277734058,0.9910830781335985
non_significant,Higher p-value half,500000,0.5,40,1000000,20280806,same resampled scenario rows at every checkpoint within curve,0.18397464015997714,0.1508998413977013,0.22423220829949897,0.14640613628723562,0.2191156633109576,0.18303100802724215,0.1831386037968873,0.04479589139380994,0.04470419715364236,0.04277675558808372,0.9876771746329971
non_significant,Higher p-value half,750000,0.75,40,1000000,20280806,same resampled scenario rows at every checkpoint within curve,0.1600315293564431,0.12474437561390733,0.20785304129881751,0.11801628820294843,0.19923809453923969,0.15868521573873837,0.15871556912330603,0.06287505344087438,0.06383874914451575,0.05162681029552816,0.9914759637979393
non_significant,Higher p-value half,1000000,1.0,40,1000000,20280806,same resampled scenario rows at every checkpoint within curve,0.12007617887733807,0.09417208937384099,0.15817643633894846,0.08855957187743058,0.15020811850405305,0.11903924641441889,0.11892532994259358,0.0724773878709256,0.07352997419205684,0.05648584481751636,0.9930922610262218
non_significant,Higher p-value half,1250000,1.25,40,1000000,20280806,same resampled scenario rows at every checkpoint within curve,0.09480395536543233,0.0748970898210975,0.12125360495583551,0.07130558351113835,0.11676851221624727,0.09409463548109541,0.09412495271207284,0.057877757951992875,0.060449423086693536,0.049670205537292074,0.9907646287041152
non_significant,Higher p-value half,1500000,1.5,40,1000000,20280806,same resampled scenario rows at every checkpoint within curve,0.08676096095137524,0.07005142568537931,0.10814343061739136,0.06740132056831039,0.1049340977265343,0.08622800259224458,0.08625248007722562,0.05221924319359425,0.052800726747156815,0.04638694654013756,0.9893774406280674
non_significant,Higher p-value half,1750000,1.75,40,1000000,20280806,same resampled scenario rows at every checkpoint within curve,0.08192254017164208,0.06716704825476189,0.10169781103274746,0.06467996517877951,0.09847444285323712,0.0814672231271283,0.0814323326555821,0.05629600667941565,0.05683657294931515,0.0483056344211991,0.9901895572849836
non_significant,Higher p-value half,2000000,2.0,40,1000000,20280806,same resampled scenario rows at every checkpoint within curve,0.07999578841317391,0.06490168796716649,0.1027658761144756,0.06167491343514025,0.09797823616445285,0.07945764096202478,0.07932806131666202,0.07144197966993593,0.07335947499122361,0.05622471568655858,0.9930257548161291
non_significant,Higher p-value half,2250000,2.25,40,1000000,20280806,same resampled scenario rows at every checkpoint within curve,0.07602301181547308,0.06092510301327671,0.10701182319926766,0.05666010231632661,0.09700667515542544,0.07530295196723581,0.07483099253422684,0.11189078906796682,0.11369888576907308,0.07849231454408567,0.9976152925173837
non_significant,Higher p-value half,2500000,2.5,40,1000000,20280806,same resampled scenario rows at every checkpoint within curve,0.08025295136329044,0.06255377001696844,0.11457720181395589,0.057571210978686595,0.10392023293695132,0.07935755380107097,0.0789233875818118,0.10789876095446979,0.10998892214641368,0.07625290787794804,0.997319837319651
non_significant,Higher p-value half,2750000,2.75,40,1000000,20280806,same resampled scenario rows at every checkpoint within curve,0.07466173455765455,0.06062364705039965,0.09202216160066463,0.058575555856716935,0.08967829668515423,0.07424132305243702,0.07428142788357794,0.04758623811235042,0.04784107275350831,0.04414447515567424,0.9883486207767306
non_significant,Higher p-value half,3000000,3.0,40,1000000,20280806,same resampled scenario rows at every checkpoint within curve,0.08261976017805468,0.06437546905394304,0.11513303413218634,0.059427032623696974,0.1060081730628567,0.0817514937642117,0.08142729643024355,0.09792229023333443,0.09864178479970194,0.0700821172730375,0.9963182537982664
non_significant,Higher p-value half,3250000,3.25,40,1000000,20280806,same resampled scenario rows at every checkpoint within curve,0.07382259259822685,0.05623491965631672,0.10990788675964885,0.05115875013560234,0.09778065866466974,0.07282202988523448,0.07234235923488841,0.12098868173802463,0.11919371833274622,0.08266536027322957,0.9980636395663709
non_significant,Higher p-value half,3500000,3.5,40,1000000,20280806,same resampled scenario rows at every checkpoint within curve,0.06997491110392841,0.05365412367524316,0.10244091865895527,0.04894876079163193,0.09193611861476451,0.06908510300737061,0.06867017719258686,0.11549346498924427,0.11444701674359559,0.0796417850536002,0.9977266657028849
non_significant,Higher p-value half,3750000,3.75,40,1000000,20280806,same resampled scenario rows at every checkpoint within curve,0.07754165401320698,0.05889560907785192,0.10685762988463086,0.05438816317262351,0.09977113855361332,0.07666859543521647,0.0765367133803797,0.08474766632447417,0.08525782482983903,0.06276248279598468,0.9947839533447319
non_significant,Higher p-value half,4000000,4.0,40,1000000,20280806,same resampled scenario rows at every checkpoint within curve,0.07382527129072197,0.05718836460500036,0.0996644445688567,0.05329137799970968,0.09366469679844457,0.07310085595278416,0.0729714112555048,0.0811281990489527,0.0813622937496483,0.06074136061547346,0.9942753872647822
non_significant,Higher p-value half,4250000,4.25,40,1000000,20280806,same resampled scenario rows at every checkpoint within curve,0.07185669189219177,0.05754847933181146,0.09402913511729181,0.05439641872595814,0.08913963583129628,0.07130802461623037,0.0711486861910845,0.07785172583950134,0.07762648626519698,0.05886954441054882,0.9937657919732359
non_significant,Higher p-value half,4500000,4.5,40,1000000,20280806,same resampled scenario rows at every checkpoint within curve,0.0675421745996833,0.05469858673557128,0.08534363461613989,0.05233039935910973,0.08217095114786467,0.067114333562648,0.06705828396973357,0.06279970598327811,0.062299689200732915,0.051146782500191335,0.9912781858422167
non_significant,Higher p-value half,4750000,4.75,40,1000000,20280806,same resampled scenario rows at every checkpoint within curve,0.0665968525579503,0.05480427393662612,0.08207824712362052,0.05292307931125995,0.07970382372604991,0.06625037760036896,0.06623165495692468,0.05281413389308268,0.05385898776280887,0.046801916669561454,0.9895647736338339
non_significant,Higher p-value half,5000000,5.0,40,1000000,20280806,same resampled scenario rows at every checkpoint within curve,0.0649841709562155,0.05487481510688877,0.07888578311973925,0.05318681861900628,0.07660267380864753,0.06471236210466082,0.06464440914598629,0.05655209008278485,0.05662793061977178,0.048290471895847155,0.9901764703388315
